{
	"credit": "Made with Blockbench",
	"textures": {
		"0": "item/crowbar",
		"particle": "item/crowbar"
	},
	"elements": [
		{
			"name": "crowbar",
			"from": [7.5, 0, 7],
			"to": [8.5, 12, 9],
			"faces": {
				"north": {"uv": [8, 0, 9, 12], "texture": "#0"},
				"east": {"uv": [8, 0, 10, 12], "texture": "#0"},
				"south": {"uv": [6, 0, 7, 12], "texture": "#0"},
				"west": {"uv": [8, 0, 10, 12], "texture": "#0"},
				"up": {"uv": [6, 0, 7, 2], "texture": "#0"},
				"down": {"uv": [6, 0, 7, 2], "texture": "#0"}
			}
		},
		{
			"name": "crowbar",
			"from": [7.5, 12, 8],
			"to": [8.5, 14, 11],
			"faces": {
				"north": {"uv": [12, 1, 13, 3], "texture": "#0"},
				"east": {"uv": [8, 0, 11, 2], "texture": "#0"},
				"south": {"uv": [15, 8, 16, 10], "texture": "#0"},
				"west": {"uv": [8, 0, 11, 2], "texture": "#0"},
				"up": {"uv": [10, 9, 11, 11], "texture": "#0"},
				"down": {"uv": [6, 0, 7, 2], "texture": "#0"}
			}
		},
		{
			"name": "crowbar",
			"from": [7.5, 14, 9],
			"to": [8.5, 16, 11],
			"faces": {
				"north": {"uv": [12, 0, 13, 2], "texture": "#0"},
				"east": {"uv": [8, 0, 10, 2], "texture": "#0"},
				"south": {"uv": [15, 0, 16, 2], "texture": "#0"},
				"west": {"uv": [7, 6, 9, 8], "texture": "#0"},
				"up": {"uv": [10, 9, 11, 11], "texture": "#0"},
				"down": {"uv": [6, 0, 7, 2], "texture": "#0"}
			}
		},
		{
			"name": "crowbar",
			"from": [7.5, 16, 6],
			"to": [8.5, 18, 10],
			"faces": {
				"north": {"uv": [12, 0, 13, 2], "texture": "#0"},
				"east": {"uv": [4, 6, 8, 8], "texture": "#0"},
				"south": {"uv": [15, 0, 16, 2], "texture": "#0"},
				"west": {"uv": [5, 6, 9, 8], "texture": "#0"},
				"up": {"uv": [10, 9, 11, 13], "texture": "#0"},
				"down": {"uv": [6, 0, 7, 4], "texture": "#0"}
			}
		}
	],
	"display": {
		"thirdperson_righthand": {
			"translation": [-0.75, 2.5, 1.5],
			"scale": [0.5, 0.5, 0.5]
		},
		"thirdperson_lefthand": {
			"translation": [-0.5, 2.5, 1.75],
			"scale": [0.55, 0.55, 0.55]
		},
		"firstperson_righthand": {
			"translation": [4, 1, -4]
		},
		"firstperson_lefthand": {
			"translation": [4, 1, -4]
		},
		"ground": {
			"rotation": [0, 0, 90],
			"translation": [0, -2, 0],
			"scale": [0.66, 0.66, 0.66]
		},
		"gui": {
			"rotation": [-90, 135, 90],
			"translation": [-1, -1, 0]
		}
	}
}