{
	"credit": "Made with Blockbench",
	"textures": {
		"0": "item/flint_knife",
		"particle": "item/flint_knife"
	},
	"elements": [
		{
			"name": "handle",
			"from": [7.5, 0, 6.5],
			"to": [9.5, 6, 9.5],
			"faces": {
				"north": {"uv": [6, 0, 8, 6], "texture": "#0"},
				"east": {"uv": [6, 0, 9, 6], "texture": "#0"},
				"south": {"uv": [6, 0, 8, 6], "texture": "#0"},
				"west": {"uv": [6, 0, 9, 6], "texture": "#0"},
				"up": {"uv": [6, 0, 8, 3], "texture": "#0"},
				"down": {"uv": [6, 0, 8, 3], "texture": "#0"}
			}
		},
		{
			"name": "handle",
			"from": [8, 2, 5.5],
			"to": [9, 6, 10.5],
			"faces": {
				"north": {"uv": [6, 0, 8, 4], "texture": "#0"},
				"east": {"uv": [6, 0, 11, 4], "texture": "#0"},
				"south": {"uv": [6, 0, 8, 4], "texture": "#0"},
				"west": {"uv": [6, 0, 11, 4], "texture": "#0"},
				"up": {"uv": [6, 0, 11, 1], "texture": "#0"},
				"down": {"uv": [5, 5, 10, 6], "texture": "#0"}
			}
		},
		{
			"name": "blade",
			"from": [7.975, 6, 6.5],
			"to": [8.975, 12, 9.5],
			"rotation": {"angle": 0, "axis": "y", "origin": [8.5, 5, 8]},
			"faces": {
				"north": {"uv": [8, 0, 9, 6], "texture": "#0"},
				"east": {"uv": [0, 4, 4, 10], "texture": "#0"},
				"south": {"uv": [8, 0, 9, 6], "texture": "#0"},
				"west": {"uv": [10, 4, 6, 10], "texture": "#0"},
				"up": {"uv": [0, 0, 4, 1], "texture": "#0"},
				"down": {"uv": [6, 0, 8, 3], "texture": "#0"}
			}
		},
		{
			"name": "detail 1",
			"from": [7.975, 12, 7.5],
			"to": [8.975, 13, 9.5],
			"rotation": {"angle": 0, "axis": "y", "origin": [8.5, 5, 8]},
			"faces": {
				"north": {"uv": [5, 0, 6, 1], "texture": "#0"},
				"east": {"uv": [1, 4, 4, 5], "texture": "#0"},
				"south": {"uv": [0, 0, 1, 1], "texture": "#0"},
				"west": {"uv": [3, 0, 0, 1], "texture": "#0"},
				"up": {"uv": [2, 1, 3, 2], "texture": "#0"},
				"down": {"uv": [6, 0, 8, 3], "texture": "#0"}
			}
		},
		{
			"name": "detail 2",
			"from": [7.975, 13, 8.5],
			"to": [8.975, 14, 9.5],
			"rotation": {"angle": 0, "axis": "y", "origin": [8.5, 5, 8]},
			"faces": {
				"north": {"uv": [5, 1, 6, 2], "texture": "#0"},
				"east": {"uv": [2, 4, 3, 5], "texture": "#0"},
				"south": {"uv": [0, 0, 1, 1], "texture": "#0"},
				"west": {"uv": [2, 0, 1, 1], "texture": "#0"},
				"up": {"uv": [2, 1, 3, 2], "texture": "#0"},
				"down": {"uv": [6, 0, 8, 3], "texture": "#0"}
			}
		}
	],
	"display": {
		"thirdperson_righthand": {
			"translation": [-0.75, 2.5, 1.5],
			"scale": [0.5, 0.5, 0.5]
		},
		"thirdperson_lefthand": {
			"translation": [-0.5, 2.5, 1.75],
			"scale": [0.55, 0.55, 0.55]
		},
		"firstperson_righthand": {
			"translation": [4, 0, -4]
		},
		"firstperson_lefthand": {
			"translation": [4, 0, -4]
		},
		"ground": {
			"rotation": [0, 0, 90],
			"translation": [0, -2, 0],
			"scale": [0.66, 0.66, 0.66]
		},
		"gui": {
			"rotation": [-90, 135, 90]
		}
	}
}