{
	"credit": "Made with Blockbench",
	"textures": {
		"0": "item/hammer",
		"particle": "item/hammer"
	},
	"elements": [
		{
			"name": "handle",
			"from": [7, 0, 7],
			"to": [9, 12, 9],
			"faces": {
				"north": {"uv": [8, 0, 9, 14], "texture": "#0"},
				"east": {"uv": [8, 0, 10, 14], "texture": "#0"},
				"south": {"uv": [6, 0, 7, 14], "texture": "#0"},
				"west": {"uv": [8, 0, 10, 14], "texture": "#0"},
				"up": {"uv": [6, 0, 7, 2], "texture": "#0"},
				"down": {"uv": [6, 0, 7, 2], "texture": "#0"}
			}
		},
		{
			"name": "thing",
			"from": [6.75, 9.25, 4],
			"to": [9.25, 11.25, 10],
			"faces": {
				"north": {"uv": [0, 0, 2, 2], "texture": "#0"},
				"east": {"uv": [6, 0, 0, 2], "texture": "#0"},
				"south": {"uv": [5, 0, 6, 1], "texture": "#0"},
				"west": {"uv": [0, 0, 6, 2], "texture": "#0"},
				"up": {"uv": [4, 0, 6, 6], "texture": "#0"},
				"down": {"uv": [3, 0, 5, 6], "texture": "#0"}
			}
		},
		{
			"name": "thing",
			"from": [6.75, 10.25, 10],
			"to": [9.25, 11.25, 11],
			"faces": {
				"north": {"uv": [0, 0, 2, 2], "texture": "#0"},
				"east": {"uv": [6, 0, 5, 1], "texture": "#0"},
				"south": {"uv": [5, 0, 6, 2], "texture": "#0"},
				"west": {"uv": [5, 0, 6, 1], "texture": "#0"},
				"up": {"uv": [4, 0, 6, 1], "texture": "#0"},
				"down": {"uv": [3, 0, 5, 1], "texture": "#0"}
			}
		}
	],
	"display": {
		"thirdperson_righthand": {
			"translation": [-0.75, 2.5, 1.5],
			"scale": [0.5, 0.5, 0.5]
		},
		"thirdperson_lefthand": {
			"translation": [-0.5, 2.5, 1.75],
			"scale": [0.55, 0.55, 0.55]
		},
		"firstperson_righthand": {
			"translation": [4, 1, -4]
		},
		"firstperson_lefthand": {
			"translation": [4, 1, -4]
		},
		"ground": {
			"rotation": [0, 0, 90],
			"translation": [0, -2, 0],
			"scale": [0.66, 0.66, 0.66]
		},
		"gui": {
			"rotation": [-90, 135, 90],
			"translation": [1, 1, 0]
		}
	}
}