{
	"credit": "Made with Blockbench",
	"textures": {
		"0": "item/knife",
		"particle": "item/knife"
	},
	"elements": [
		{
			"name": "handle",
			"from": [7.5, 0, 6.5],
			"to": [9.5, 6, 9.5],
			"faces": {
				"north": {"uv": [6, 0, 8, 6], "texture": "#0"},
				"east": {"uv": [6, 0, 9, 6], "texture": "#0"},
				"south": {"uv": [6, 0, 8, 6], "texture": "#0"},
				"west": {"uv": [6, 0, 9, 6], "texture": "#0"},
				"up": {"uv": [6, 0, 8, 3], "texture": "#0"},
				"down": {"uv": [6, 0, 8, 3], "texture": "#0"}
			}
		},
		{
			"name": "blade",
			"from": [8.375, 6, 6.5],
			"to": [8.625, 15, 9.5],
			"faces": {
				"north": {"uv": [5, 0, 6, 6], "texture": "#0"},
				"east": {"uv": [0, 4, 4, 16], "texture": "#0"},
				"south": {"uv": [0, 0, 1, 6], "texture": "#0"},
				"west": {"uv": [4, 4, 0, 16], "texture": "#0"},
				"up": {"uv": [0, 0, 4, 1], "texture": "#0"},
				"down": {"uv": [6, 0, 8, 3], "texture": "#0"}
			}
		},
		{
			"name": "detail 1",
			"from": [8.375, 15, 7.5],
			"to": [8.625, 16, 9.5],
			"faces": {
				"north": {"uv": [5, 0, 6, 1], "texture": "#0"},
				"east": {"uv": [1, 4, 4, 5], "texture": "#0"},
				"south": {"uv": [0, 0, 1, 1], "texture": "#0"},
				"west": {"uv": [3, 0, 0, 1], "texture": "#0"},
				"up": {"uv": [0, 0, 4, 1], "texture": "#0"},
				"down": {"uv": [6, 0, 8, 3], "texture": "#0"}
			}
		},
		{
			"name": "detail 2",
			"from": [8.375, 16, 8.5],
			"to": [8.625, 17, 9.5],
			"faces": {
				"north": {"uv": [5, 0, 6, 1], "texture": "#0"},
				"east": {"uv": [2, 4, 3, 5], "texture": "#0"},
				"south": {"uv": [0, 0, 1, 1], "texture": "#0"},
				"west": {"uv": [2, 0, 1, 1], "texture": "#0"},
				"up": {"uv": [0, 0, 4, 1], "texture": "#0"},
				"down": {"uv": [6, 0, 8, 3], "texture": "#0"}
			}
		}
	],
	"display": {
		"thirdperson_righthand": {
			"translation": [-0.75, 2.5, 1.5],
			"scale": [0.5, 0.5, 0.5]
		},
		"thirdperson_lefthand": {
			"translation": [-0.5, 2.5, 1.75],
			"scale": [0.55, 0.55, 0.55]
		},
		"firstperson_righthand": {
			"translation": [4, 0, -4]
		},
		"firstperson_lefthand": {
			"translation": [4, 0, -4]
		},
		"ground": {
			"rotation": [0, 0, 90],
			"translation": [0, -2, 0],
			"scale": [0.66, 0.66, 0.66]
		},
		"gui": {
			"rotation": [-90, 135, 90]
		}
	}
}