{
	"credit": "Made with Blockbench",
	"textures": {
		"0": "item/small_axe",
		"particle": "item/small_axe"
	},
	"elements": [
		{
			"name": "handle",
			"from": [7.5, 0, 7],
			"to": [8.5, 14, 9],
			"faces": {
				"north": {"uv": [8, 0, 9, 14], "texture": "#0"},
				"east": {"uv": [8, 0, 10, 14], "texture": "#0"},
				"south": {"uv": [6, 0, 7, 14], "texture": "#0"},
				"west": {"uv": [8, 0, 10, 14], "texture": "#0"},
				"up": {"uv": [6, 0, 7, 2], "texture": "#0"},
				"down": {"uv": [6, 0, 7, 2], "texture": "#0"}
			}
		},
		{
			"name": "blade",
			"from": [7.75, 8, 3],
			"to": [8.25, 15, 6],
			"faces": {
				"north": {"uv": [8, 0, 9, 7], "texture": "#0"},
				"east": {"uv": [8, 0, 11, 7], "texture": "#0"},
				"south": {"uv": [6, 0, 7, 7], "texture": "#0"},
				"west": {"uv": [5, 0, 8, 7], "texture": "#0"},
				"up": {"uv": [6, 0, 7, 3], "texture": "#0"},
				"down": {"uv": [6, 0, 7, 3], "texture": "#0"}
			}
		},
		{
			"name": "blade",
			"from": [7.75, 9, 6],
			"to": [8.25, 13, 10],
			"faces": {
				"north": {"uv": [8, 0, 9, 4], "texture": "#0"},
				"east": {"uv": [8, 0, 12, 4], "texture": "#0"},
				"south": {"uv": [6, 0, 7, 6], "texture": "#0"},
				"west": {"uv": [5, 0, 9, 4], "texture": "#0"},
				"up": {"uv": [6, 0, 7, 4], "texture": "#0"},
				"down": {"uv": [6, 0, 7, 4], "texture": "#0"}
			}
		}
	],
	"display": {
		"thirdperson_righthand": {
			"translation": [-0.75, 2.5, 1.5],
			"scale": [0.5, 0.5, 0.5]
		},
		"thirdperson_lefthand": {
			"translation": [-0.5, 2.5, 1.75],
			"scale": [0.55, 0.55, 0.55]
		},
		"firstperson_righthand": {
			"translation": [4, 1, -4]
		},
		"firstperson_lefthand": {
			"translation": [4, 1, -4]
		},
		"ground": {
			"rotation": [0, 0, 90],
			"translation": [0, -2, 0],
			"scale": [0.66, 0.66, 0.66]
		},
		"gui": {
			"rotation": [-90, 135, 90]
		}
	}
}