{
  "variants": {
    "facing=down": {
      "model": "minecraft:block/chandelier"
    },
    "facing=east": {
      "model": "minecraft:block/pipe_side",
      "y": 180
    },
    "facing=north": {
      "model": "minecraft:block/pipe_side",
	  "y": 270
    },
    "facing=south": {
      "model": "minecraft:block/pipe_side",
      "y": 90
    },
    "facing=up": {
      "model": "minecraft:block/pipe_vertical",
	  "x": 180
    },
    "facing=west": {
      "model": "minecraft:block/pipe_side",
      "y": 0
    }
  }
}