{
  "multipart": [
    {
      "when": {
        "south": "false",
		"west": "false",
		"east": "false",
		"north": "false"
      },
      "apply": {
        "model": "minecraft:block/metal_post"
      }
    },
	{
      "when": {
		"west": "false",
		"east": "false",
		"north": "true"
      },
      "apply": {
        "model": "minecraft:block/metal_attached",
		"y": 90
      }
    },
	{
      "when": {
        "south": "true",
		"west": "false",
		"east": "false"
      },
      "apply": {
        "model": "minecraft:block/metal_attached",
		"y": 270
      }
    },
	{
      "when": {
        "south": "false",
		"east": "true",
		"north": "false"
      },
      "apply": {
        "model": "minecraft:block/metal_attached",
		"y": 180
      }
    },
	{
      "when": {
        "south": "false",
		"west": "true",
		"north": "false"
      },
      "apply": {
        "model": "minecraft:block/metal_attached"
      }
    },
    {
      "when": {
        "south": "true",
		"west": "true"
      },
      "apply": {
        "model": "minecraft:block/metal_corner",
		"y": 180
      }
    },
	{
      "when": {
		"north": "true",
        "west": "true"
      },
      "apply": {
        "model": "minecraft:block/metal_corner",
		"y": 270
      }
    },
	{
      "when": {
        "north": "true",
		"east": "true"
      },
      "apply": {
        "model": "minecraft:block/metal_corner"
      }
    },
	{
      "when": {
        "south": "true",
		"east": "true"
      },
      "apply": {
        "model": "minecraft:block/metal_corner",
		"y": 90
      }
    }
  ]
}