{
	"multipart": [
		{
			"when": {
				"north": "low",
				"south": "low",
				"east": "low",
				"west": "none"
			},
			"apply": {
				"model": "minecraft:block/big_pipe_side",
				"y": 0
			}
		},
		{
			"when": {
				"west": "low",
				"east": "low",
				"north": "low",
				"south": "none"
			},
			"apply": {
				"model": "minecraft:block/big_pipe_side",
				"y": -90
			}
		},
		{
			"when": {
				"south": "low",
				"north": "low",
				"west": "low",
				"east": "none"
			},
			"apply": {
				"model": "minecraft:block/big_pipe_side",
				"y": -180
			}
		},
		{
			"when": {
				"west": "low",
				"east": "low",
				"south": "low",
				"north": "none"
			},
			"apply": {
				"model": "minecraft:block/big_pipe_side",
				"y": -270
			}
		},
		{
			"when": {
				"south": "low",
				"east": "low",
				"west": "none",
				"north": "none"
			},
			"apply": {
				"model": "minecraft:block/big_pipe_corner",
				"y": 0
			}
		},
		{
			"when": {
				"north": "low",
				"east": "low",
				"west": "none",
				"south": "none"
			},
			"apply": {
				"model": "minecraft:block/big_pipe_corner",
				"y": -90
			}
		},
		{
			"when": {
				"north": "low",
				"west": "low",
				"east": "none",
				"south": "none"
			},
			"apply": {
				"model": "minecraft:block/big_pipe_corner",
				"y": -180
			}
		},
		{
			"when": {
				"south": "low",
				"west": "low",
				"east": "none",
				"north": "none"
			},
			"apply": {
				"model": "minecraft:block/big_pipe_corner",
				"y": -270
			}
		},
		{
			"when": {
				"up": "true",
				"north": "none",
				"south": "none",
				"east": "none",
				"west": "none"
			},
			"apply": {
				"model": "minecraft:block/red_nether_brick_wall_post"
			}
		}
	]
}