{
	"providers": [
		{
			"type": "ttf",
			"file": "minecraft:negative_spaces.ttf",
			"shift": [0.0, 0.0],
			"size": 10.0,
			"oversample": 1.0
		},
		{
			"type": "bitmap",
			"file": "minecraft:font/pig-face.png",
			"ascent": 7,
			"height": 8,
            "chars": ["\uE100"]
        },
		{
			"type": "bitmap",
			"file": "minecraft:font/FeelsBanMan.png",
			"ascent": 8,
			"height": 8,
            "chars": ["\uE200"]
		},
		{
			"type": "bitmap",
			"file": "minecraft:font/festivepepe.png",
			"ascent": 8,
			"height": 8,
            "chars": ["\uE300"]
        },
		{
			"type": "bitmap",
			"file": "minecraft:font/Angry.png",
			"ascent": 8,
			"height": 8,
            "chars": ["\uE400"]
		},
		{
			"type": "bitmap",
			"file": "minecraft:font/kelimek.png",
			"ascent": 8,
			"height": 8,
            "chars": ["\uE500"]
        },
		{
			"type": "bitmap",
			"file": "minecraft:font/pepe_old.png",
			"ascent": 8,
			"height": 8,
            "chars": ["\uE600"]
		},
		{
			"type": "bitmap",
			"file": "minecraft:font/minecraft.png",
			"ascent": 8,
			"height": 8,
            "chars": ["\uE700"]
        },
		{
			"type": "bitmap",
			"file": "minecraft:font/bruh.png",
			"ascent": 8,
			"height": 8,
            "chars": ["\uE800"]
        },
		{
			"type": "bitmap",
			"file": "minecraft:font/minecraft.png",
			"ascent": 8,
			"height": 8,
            "chars": ["\uE900"]
        },
		{
			"type": "bitmap",
			"file": "minecraft:font/coocie.png",
			"ascent": 8,
			"height": 8,
            "chars": ["\uE100"]
        },
		{
			"type": "bitmap",
			"file": "minecraft:font/kirbykiler.png",
			"ascent": 8,
			"height": 8,
            "chars": ["\uE110"]
        },
		{
			"type": "bitmap",
			"file": "minecraft:font/coocie.png",
			"ascent": 8,
			"height": 8,
            "chars": ["\uE120"]
		},
		{
			"type": "bitmap",
			"file": "minecraft:font/crythumbsup.png",
			"ascent": 8,
			"height": 8,
            "chars": ["\uE130"]
        },
		{
			"type": "bitmap",
			"file": "minecraft:font/axelotl_.png",
			"ascent": 8,
			"height": 8,
            "chars": ["\uE140"]
		},
		{
			"type": "bitmap",
			"file": "minecraft:font/breed.png",
			"ascent": 8,
			"height": 8,
            "chars": ["\uE150"]
		},
		{
			"type": "bitmap",
			"file": "minecraft:font/KEKW.png",
			"ascent": 8,
			"height": 8,
            "chars": ["\uE160"]
		},
		{
			"type": "bitmap",
			"file": "minecraft:font/twich.png",
			"ascent": 8,
			"height": 8,
            "chars": ["\uE170"]
		},
		{
			"type": "bitmap",
			"file": "minecraft:font/pogging.png",
			"ascent": 8,
			"height": 8,
            "chars": ["\uE180"]
		},
		{
			"type": "bitmap",
			"file": "minecraft:font/duck.png",
			"ascent": 8,
			"height": 8,
            "chars": ["\uE190"]
		},
		{
			"type": "bitmap",
			"file": "minecraft:font/press_f.png",
			"ascent": 8,
			"height": 8,
            "chars": ["\uE210"]
		},
		{
			"type": "bitmap",
			"file": "minecraft:font/pixelriptombstone.png",
			"ascent": 8,
			"height": 8,
            "chars": ["\uE220"]
		},
		{
			"type": "bitmap",
			"file": "minecraft:font/mushroom.png",
			"ascent": 8,
			"height": 8,
            "chars": ["\uE230"]
		},
		{
			"type": "bitmap",
			"file": "minecraft:font/4kCamera.png",
			"ascent": 8,
			"height": 8,
            "chars": ["\uE240"]
		},
		{
			"type": "bitmap",
			"file": "minecraft:font/black.png",
			"ascent": 8,
			"height": 8,
            "chars": ["\uE250"]
		}

		
	]
}