{
	"buzz":{
		"sounds":[
			{
				"name": "buzz0",
				"stream": true,
				"volume": 1.0
			}
		]
	},
	"buzz_1":{
		"sounds":[
			{
				"name": "buzz1",
				"stream": true,
				"volume": 1.0
			}
		]
	},
	"buzz_2":{
		"sounds":[
			{
				"name": "buzz2",
				"stream": true,
				"volume": 1.0
			}
		]
	},
	"scary":{"sounds":["scary1"]},
	"ambience1": {
		"sounds": [
			{
				"name": "minecraft:item.elytra.flying",
				"pitch": 0.05,
				"stream": true,
				"type": "event"
			}
		]
	},
	"bubbles": {
		"sounds": [
			{
				"name": "minecraft:ambient.underwater.loop.additions",
				"pitch": 1.0,
				"stream": true,
				"type": "event",
				"weight": 3
			},
			{
				"name": "minecraft:ambient.underwater.loop.additions.rare",
				"pitch": 1.0,
				"stream": true,
				"type": "event",
				"weight": 4
			},
			{
				"name": "minecraft:ambient.underwater.loop.additions.ultra_rare",
				"pitch": 1.0,
				"stream": true,
				"type": "event",
				"weight": 2
			}
		]
	},
	"quiet": {
		"sounds": [
			{
				"name": "quiet",
				"stream": true,
				"volume": 1.0
			}
		]
	},
	"hotel_ambience": {
		"sounds": [
			{
				"name": "minecraft:music_disc.13",
				"pitch": 0.85,
				"stream": true,
				"type": "event",
				"weight": 1
			},
			{
				"name": "minecraft:music_disc.stal",
				"pitch": 0.91,
				"stream": true,
				"type": "event",
				"weight": 1
			},
			{
				"name": "quiet",
				"stream": true,
				"weight": 4
			}
		]
	},
	"liquids": {
		"sounds": [
			{
				"name": "minecraft:block.lava.ambient",
				"pitch": 0.5,
				"stream": true,
				"type": "event",
				"weight": 5
			},
			{
				"name": "minecraft:block.lava.pop",
				"pitch": 0.5,
				"stream": true,
				"type": "event",
				"weight": 1
			}
		]
	},
	"entity.iron_golem.step": {
		"sounds": [
			{
				"name": "minecraft:item.shield.block",
				"pitch": 0.5,
				"type": "event",
				"weight": 1
			}
		],
		"replace": true
	},
	"behind": {
		"sounds": [
			{
				"name": "behind",
				"pitch": 0.5
			}
		]
	},
	"entity.generic.swim": {
		"sounds": [
			{
				"name": "swim1",
				"volume": 1.0
			},
			{
				"name": "swim2",
				"volume": 1.0
			},
			{
				"name": "swim3",
				"volume": 1.0
			},
			{
				"name": "swim4",
				"volume": 1.0
			},
			{
				"name": "swim5",
				"volume": 1.0
			},
			{
				"name": "swim6",
				"volume": 1.0
			},
			{
				"name": "swim7",
				"volume": 1.0
			},
			{
				"name": "swim8",
				"volume": 1.0
			},
			{
				"name": "swim9",
				"volume": 1.0
			}
		],
		"replace": true
	},
	"entity.player.swim": {
		"sounds": [
			{
				"name": "swim1",
				"volume": 1.0
			},
			{
				"name": "swim2",
				"volume": 1.0
			},
			{
				"name": "swim3",
				"volume": 1.0
			},
			{
				"name": "swim4",
				"volume": 1.0
			},
			{
				"name": "swim5",
				"volume": 1.0
			},
			{
				"name": "swim6",
				"volume": 1.0
			},
			{
				"name": "swim7",
				"volume": 1.0
			},
			{
				"name": "swim8",
				"volume": 1.0
			},
			{
				"name": "swim9",
				"volume": 1.0
			}
		],
		"replace": true
	}
}
