{
	"credit": "Made with Blockbench",
	"ambientocclusion": false,
	"parent": "block/block",
	"textures": {
		"1": "block/terracotta",
		"top": "block/pot_side",
		"particle": "block/terracotta"
	},
	"elements": [
		{
			"name": "under",
			"from": [1, 0, 1],
			"to": [15, 1, 15],
			"faces": {
				"north": {"uv": [0, 0, 14, 1], "texture": "#1"},
				"east": {"uv": [0, 0, 14, 1], "texture": "#1"},
				"south": {"uv": [0, 0, 14, 1], "texture": "#1"},
				"west": {"uv": [0, 0, 14, 1], "texture": "#1"},
				"up": {"uv": [0, 0, 14, 14], "texture": "#1"},
				"down": {"uv": [0, 0, 14, 14], "texture": "#1"}
			}
		},
		{
			"name": "bottom1",
			"from": [4.125, 1, 2],
			"to": [11.875, 8, 14],
			"faces": {
				"north": {"uv": [4, 9, 12, 16], "texture": "#top"},
				"east": {"uv": [0, 9, 12, 16], "texture": "#top"},
				"south": {"uv": [4, 9, 12, 16], "texture": "#top"},
				"west": {"uv": [0, 9, 12, 16], "texture": "#top"}
			}
		},
		{
			"name": "bottom2",
			"from": [2, 1, 4.125],
			"to": [14, 8, 11.875],
			"faces": {
				"north": {"uv": [0, 9, 12, 16], "texture": "#top"},
				"east": {"uv": [4, 9, 12, 16], "texture": "#top"},
				"south": {"uv": [0, 9, 12, 16], "texture": "#top"},
				"west": {"uv": [4, 9, 12, 16], "texture": "#top"}
			}
		},
		{
			"name": "bottom3",
			"from": [6.5, 1, 1],
			"to": [9.5, 8, 15],
			"rotation": {"angle": 45, "axis": "y", "origin": [8, 8, 8]},
			"faces": {
				"north": {"uv": [0.5, 9, 3.5, 16], "texture": "#top"},
				"east": {"uv": [4, 9, 12, 16], "texture": "#top"},
				"south": {"uv": [0.5, 9, 3.5, 16], "texture": "#top"},
				"west": {"uv": [4, 9, 12, 16], "texture": "#top"}
			}
		},
		{
			"name": "bottom4",
			"from": [1, 1, 6.5],
			"to": [15, 8, 9.5],
			"rotation": {"angle": 45, "axis": "y", "origin": [8, 8, 8]},
			"faces": {
				"north": {"uv": [4, 9, 12, 16], "texture": "#top"},
				"east": {"uv": [0.5, 9, 3.5, 16], "texture": "#top"},
				"south": {"uv": [4, 9, 12, 16], "texture": "#top"},
				"west": {"uv": [0.5, 9, 3.5, 16], "texture": "#top"}
			}
		},
		{
			"name": "top2",
			"from": [4.125, 8, -0.25],
			"to": [11.875, 15.25, 16.25],
			"rotation": {"angle": 0, "axis": "y", "origin": [8, 15, 8]},
			"faces": {
				"north": {"uv": [3.5, 2.5, 11.5, 9.5], "texture": "#top"},
				"east": {"uv": [4, 2.5, 16, 9.5], "texture": "#top"},
				"south": {"uv": [2, 2.5, 10, 9.5], "texture": "#top"},
				"west": {"uv": [4, 2.5, 16, 9.5], "texture": "#top"},
				"up": {"uv": [0, 0, 0, 0], "texture": "#top"},
				"down": {"uv": [0, 0, 8, 16], "texture": "#top"}
			}
		},
		{
			"name": "top3",
			"from": [-0.25, 8, 4.125],
			"to": [16.25, 15.25, 11.875],
			"rotation": {"angle": 0, "axis": "y", "origin": [8, 15, 8]},
			"faces": {
				"north": {"uv": [4, 2.5, 16, 9.5], "texture": "#top"},
				"east": {"uv": [5, 2.5, 13, 9.5], "texture": "#top"},
				"south": {"uv": [0, 2.5, 12, 9.5], "texture": "#top"},
				"west": {"uv": [1, 2.5, 9, 9.5], "texture": "#top"},
				"up": {"uv": [0, 0, 0, 0], "rotation": 90, "texture": "#top"},
				"down": {"uv": [0, 0, 8, 16], "rotation": 270, "texture": "#top"}
			}
		},
		{
			"name": "top4",
			"from": [5, 8.05, -0.5],
			"to": [11, 15.25, 16.75],
			"rotation": {"angle": 45, "axis": "y", "origin": [8, 15, 8]},
			"faces": {
				"north": {"uv": [3.5, 2.5, 9.5, 9.5], "texture": "#top"},
				"east": {"uv": [0, 2.5, 8, 9.5], "texture": "#top"},
				"south": {"uv": [2.5, 2.5, 8.5, 9.5], "texture": "#top"},
				"west": {"uv": [8, 2.5, 16, 9.5], "texture": "#top"},
				"up": {"uv": [0, 0, 0, 0], "rotation": 90, "texture": "#top"},
				"down": {"uv": [0, 10, 16, 16], "rotation": 270, "texture": "#top"}
			}
		},
		{
			"name": "top5",
			"from": [-0.5, 8.05, 5],
			"to": [16.5, 15.25, 11],
			"rotation": {"angle": 45, "axis": "y", "origin": [8, 15, 8]},
			"faces": {
				"north": {"uv": [4, 9, 12, 16], "texture": "#top"},
				"east": {"uv": [1.5, 2.5, 7.5, 9.5], "texture": "#top"},
				"south": {"uv": [4, 9, 12, 16], "texture": "#top"},
				"west": {"uv": [0, 2.5, 6, 9.5], "texture": "#top"},
				"up": {"uv": [0, 0, 0, 0], "texture": "#top"},
				"down": {"uv": [0, 9.5, 16, 15.5], "texture": "#top"}
			}
		}
	],
	"display": {
		"thirdperson_righthand": {
			"scale": [0.33, 0.33, 0.33]
		},
		"gui": {
			"scale": [0.66, 0.6, 0.66]
		}
	}
}