{
	"credit": "Made with Blockbench",
	"textures": {
		"0": "block/black_terracotta",
		"1": "block/quartz_block_bottom",
		"2": "block/dark_metal",
		"particle": "block/black_terracotta"
	},
	"elements": [
		{
			"name": "case",
			"from": [1, 0, 1],
			"to": [15, 18, 15],
			"faces": {
				"north": {"uv": [0, 0, 12.444, 16], "texture": "#0"},
				"east": {"uv": [0, 0, 12.444, 16], "texture": "#0"},
				"south": {"uv": [0, 0, 12.444, 16], "texture": "#0"},
				"west": {"uv": [0, 0, 12.444, 16], "texture": "#0"},
				"up": {"uv": [0, 0, 14, 14], "texture": "#0"},
				"down": {"uv": [0, 0, 14, 14], "texture": "#0"}
			}
		},
		{
			"name": "drawer1",
			"from": [0.5, 13, 2],
			"to": [15.5, 17, 14],
			"faces": {
				"north": {"uv": [0, 0, 15, 4], "texture": "#1"},
				"east": {"uv": [0, 0, 12, 4], "texture": "#1"},
				"south": {"uv": [0, 0, 15, 4], "texture": "#1"},
				"west": {"uv": [0, 0, 12, 4], "texture": "#1"},
				"up": {"uv": [0, 0, 15, 12], "texture": "#1"},
				"down": {"uv": [0, 0, 15, 12], "texture": "#1"}
			}
		},
		{
			"name": "drawer2",
			"from": [0.5, 7, 2],
			"to": [15.5, 11, 14],
			"rotation": {"angle": 0, "axis": "y", "origin": [8, 2, 8]},
			"faces": {
				"north": {"uv": [0, 0, 15, 4], "texture": "#1"},
				"east": {"uv": [0, 0, 12, 4], "texture": "#1"},
				"south": {"uv": [0, 0, 15, 4], "texture": "#1"},
				"west": {"uv": [0, 0, 12, 4], "texture": "#1"},
				"up": {"uv": [0, 0, 15, 12], "texture": "#1"},
				"down": {"uv": [0, 0, 15, 12], "texture": "#1"}
			}
		},
		{
			"name": "drawer3",
			"from": [0.5, 1, 2],
			"to": [15.5, 5, 14],
			"rotation": {"angle": 0, "axis": "y", "origin": [8, -4, 8]},
			"faces": {
				"north": {"uv": [0, 0, 15, 4], "texture": "#1"},
				"east": {"uv": [0, 0, 12, 4], "texture": "#1"},
				"south": {"uv": [0, 0, 15, 4], "texture": "#1"},
				"west": {"uv": [0, 0, 12, 4], "texture": "#1"},
				"up": {"uv": [0, 0, 15, 12], "texture": "#1"},
				"down": {"uv": [0, 0, 15, 12], "texture": "#1"}
			}
		},
		{
			"name": "handle1",
			"from": [12.25, 15, 1.5],
			"to": [14.25, 16, 3.5],
			"rotation": {"angle": -45, "axis": "y", "origin": [8, 8, 8]},
			"faces": {
				"north": {"uv": [0, 0, 2, 1], "texture": "#2"},
				"east": {"uv": [0, 0, 2, 1], "texture": "#2"},
				"south": {"uv": [0, 0, 2, 1], "texture": "#2"},
				"west": {"uv": [0, 0, 2, 1], "texture": "#2"},
				"up": {"uv": [0, 0, 2, 2], "texture": "#2"},
				"down": {"uv": [0, 0, 2, 2], "texture": "#2"}
			}
		},
		{
			"name": "handle2",
			"from": [12.25, 9, 1.5],
			"to": [14.25, 10, 3.5],
			"rotation": {"angle": -45, "axis": "y", "origin": [8, 2, 8]},
			"faces": {
				"north": {"uv": [0, 0, 2, 1], "texture": "#2"},
				"east": {"uv": [0, 0, 2, 1], "texture": "#2"},
				"south": {"uv": [0, 0, 2, 1], "texture": "#2"},
				"west": {"uv": [0, 0, 2, 1], "texture": "#2"},
				"up": {"uv": [0, 0, 2, 2], "texture": "#2"},
				"down": {"uv": [0, 0, 2, 2], "texture": "#2"}
			}
		},
		{
			"name": "handle3",
			"from": [12.25, 3, 1.5],
			"to": [14.25, 4, 3.5],
			"rotation": {"angle": -45, "axis": "y", "origin": [8, -4, 8]},
			"faces": {
				"north": {"uv": [0, 0, 2, 1], "texture": "#2"},
				"east": {"uv": [0, 0, 2, 1], "texture": "#2"},
				"south": {"uv": [0, 0, 2, 1], "texture": "#2"},
				"west": {"uv": [0, 0, 2, 1], "texture": "#2"},
				"up": {"uv": [0, 0, 2, 2], "texture": "#2"},
				"down": {"uv": [0, 0, 2, 2], "texture": "#2"}
			}
		}
	]
}