{
	"credit": "Made with Blockbench",
	"textures": {
		"1": "block/dark_metal"
	},
	"elements": [
		{
			"name": "tube",
			"from": [6, 3, 6],
			"to": [14, 11, 16],
			"faces": {
				"north": {"uv": [2, 5, 10, 13], "texture": "#1", "cullface": "north"},
				"east": {"uv": [0, 5, 10, 13], "texture": "#1"},
				"south": {"uv": [6, 5, 14, 13], "texture": "#1"},
				"west": {"uv": [6, 5, 16, 13], "texture": "#1"},
				"up": {"uv": [6, 6, 14, 16], "texture": "#1"},
				"down": {"uv": [6, 0, 14, 10], "texture": "#1", "cullface": "down"}
			}
		},
		{
			"name": "tube",
			"from": [14, 3, 6],
			"to": [16, 11, 14],
			"faces": {
				"north": {"uv": [0, 5, 2, 13], "texture": "#1"},
				"east": {"uv": [2, 5, 10, 13], "texture": "#1", "cullface": "north"},
				"south": {"uv": [14, 5, 16, 13], "texture": "#1"},
				"west": {"uv": [6, 5, 14, 13], "texture": "#1"},
				"up": {"uv": [8, 0, 16, 2], "rotation": 90, "texture": "#1"},
				"down": {"uv": [8, 0, 16, 2], "rotation": 270, "texture": "#1", "cullface": "down"}
			}
		}
	]
}