{
	"credit": "Made with Blockbench",
	"textures": {
		"1": "block/dark_metal"
	},
	"elements": [
		{
			"name": "tube",
			"from": [6, 3, 0],
			"to": [14, 11, 16],
			"faces": {
				"north": {"uv": [2, 5, 10, 13], "texture": "#1", "cullface": "north"},
				"east": {"uv": [0, 5, 16, 13], "texture": "#1"},
				"south": {"uv": [6, 5, 14, 13], "texture": "#1"},
				"west": {"uv": [0, 5, 16, 13], "texture": "#1"},
				"up": {"uv": [6, 0, 14, 16], "texture": "#1"},
				"down": {"uv": [6, 0, 14, 16], "texture": "#1", "cullface": "down"}
			}
		},
		{
			"name": "decoration",
			"from": [5, 2, 2],
			"to": [16, 12, 3],
			"faces": {
				"north": {"uv": [0, 4, 11, 14], "texture": "#1", "cullface": "north"},
				"east": {"uv": [14, 4, 14, 14], "texture": "#1"},
				"south": {"uv": [5, 4, 16, 14], "texture": "#1"},
				"west": {"uv": [2, 4, 2, 14], "texture": "#1"},
				"up": {"uv": [5, 2, 16, 2], "texture": "#1"},
				"down": {"uv": [5, 14, 16, 14], "texture": "#1", "cullface": "down"}
			}
		},
		{
			"name": "decoration2",
			"from": [5, 2, 14],
			"to": [16, 12, 15],
			"faces": {
				"north": {"uv": [0, 4, 11, 14], "texture": "#1", "cullface": "north"},
				"east": {"uv": [1, 4, 1, 14], "texture": "#1"},
				"south": {"uv": [5, 4, 16, 14], "texture": "#1"},
				"west": {"uv": [15, 4, 15, 14], "texture": "#1"},
				"up": {"uv": [5, 15, 16, 15], "texture": "#1"},
				"down": {"uv": [5, 1, 16, 1], "texture": "#1", "cullface": "down"}
			}
		}
	]
}