{
	"credit": "Made with Blockbench",
	"parent": "block/block",
	"ambientocclusion": false,
	"textures": {
		"1": "block/dark_metal",
		"end_rod": "block/glowstone",
		"particle": "block/glowstone"
	},
	"elements": [
		{
			"name": "bulb",
			"from": [0.5, 13, 9],
			"to": [15.5, 15, 11],
			"rotation": {"angle": 0, "axis": "y", "origin": [8, 6, 8]},
			"faces": {
				"north": {"uv": [0, 7, 16, 8.5], "texture": "#end_rod"},
				"east": {"uv": [0, 0, 1.5, 1.5], "texture": "#end_rod"},
				"south": {"uv": [0, 7, 16, 8.5], "texture": "#end_rod"},
				"west": {"uv": [0, 0, 1, 1], "texture": "#end_rod"},
				"up": {"uv": [0, 7, 16, 9], "texture": "#end_rod", "cullface": "up"},
				"down": {"uv": [0, 7, 16, 8.5], "texture": "#end_rod"}
			}
		},
		{
			"name": "bulb",
			"from": [0.5, 13, 5],
			"to": [15.5, 15, 7],
			"rotation": {"angle": 0, "axis": "y", "origin": [8, 6, 8]},
			"faces": {
				"north": {"uv": [0, 7, 16, 8.5], "texture": "#end_rod"},
				"east": {"uv": [0, 0, 1.5, 1.5], "texture": "#end_rod"},
				"south": {"uv": [0, 7, 16, 8.5], "texture": "#end_rod"},
				"west": {"uv": [0, 0, 1, 1], "texture": "#end_rod"},
				"up": {"uv": [0, 7, 16, 9], "texture": "#end_rod", "cullface": "up"},
				"down": {"uv": [0, 7, 16, 8.5], "texture": "#end_rod"}
			}
		},
		{
			"name": "thing1",
			"from": [0, 15, 4],
			"to": [16, 17, 12],
			"rotation": {"angle": 0, "axis": "y", "origin": [8, 7, 8]},
			"faces": {
				"north": {"uv": [0, 0, 16, 2], "texture": "#1"},
				"east": {"uv": [0, 0, 8, 2], "texture": "#1"},
				"south": {"uv": [0, 0, 16, 2], "texture": "#1"},
				"west": {"uv": [0, 0, 8, 2], "texture": "#1"},
				"up": {"uv": [0, 0, 16, 8], "texture": "#1"},
				"down": {"uv": [0, 0, 16, 8], "texture": "#1"}
			}
		}
	],
	"display": {
		"thirdperson_righthand": {
			"scale": [0.375, 0.375, 0.375]
		},
		"head": {
			"rotation": [-60, 0, 0],
			"translation": [0, 5, -9]
		}
	}
}