{
	"credit": "Made with Blockbench",
	"textures": {
		"0": "block/gray_terracotta",
		"1": "block/dark_metal",
		"particle": "block/dripstone_block"
	},
	"elements": [
		{
			"name": "block",
			"from": [0, 0, 0],
			"to": [16, 16, 16],
			"faces": {
				"north": {"uv": [0, 0, 16, 16], "texture": "#0"},
				"east": {"uv": [0, 0, 16, 16], "texture": "#0"},
				"south": {"uv": [0, 0, 16, 16], "texture": "#0"},
				"west": {"uv": [0, 0, 16, 16], "texture": "#0"},
				"up": {"uv": [0, 0, 16, 16], "texture": "#0"},
				"down": {"uv": [0, 0, 16, 16], "texture": "#0"}
			}
		},
		{
			"name": "pipe1",
			"from": [-5, 4, 0.04],
			"to": [21, 12, 15.96],
			"rotation": {"angle": 0, "axis": "y", "origin": [8, 6, 8]},
			"faces": {
				"north": {"uv": [0, 0, 16, 6], "texture": "#1"},
				"east": {"uv": [0, 0, 16, 8], "texture": "#1"},
				"south": {"uv": [0, 0, 16, 6], "texture": "#1"},
				"west": {"uv": [0, 0, 16, 8], "texture": "#1"},
				"up": {"uv": [0, 0, 16, 9.979], "texture": "#1"},
				"down": {"uv": [0, 0, 16, 16], "texture": "#1"}
			}
		},
		{
			"name": "decoration1",
			"from": [-6, 3, 0.04],
			"to": [22, 13, 0.04],
			"rotation": {"angle": 0, "axis": "y", "origin": [8, 6, 8]},
			"faces": {
				"north": {"uv": [0, 0, 16, 5], "texture": "#1"},
				"east": {"uv": [0, 0, 0, 6], "texture": "#1"},
				"south": {"uv": [0, 0, 16, 5], "texture": "#1"},
				"west": {"uv": [0, 0, 0, 6], "texture": "#1"},
				"up": {"uv": [0, 0, 16, 0], "texture": "#1"},
				"down": {"uv": [0, 0, 16, 0], "texture": "#1"}
			}
		},
		{
			"name": "decoration2",
			"from": [-6, 3, 15.96],
			"to": [22, 13, 15.96],
			"rotation": {"angle": 0, "axis": "y", "origin": [8, 6, 8]},
			"faces": {
				"north": {"uv": [0, 0, 16, 5], "texture": "#1"},
				"east": {"uv": [0, 0, 0, 6], "texture": "#1"},
				"south": {"uv": [0, 0, 16, 5], "texture": "#1"},
				"west": {"uv": [0, 0, 0, 6], "texture": "#1"},
				"up": {"uv": [0, 0, 16, 0], "texture": "#1"},
				"down": {"uv": [0, 0, 16, 0], "texture": "#1"}
			}
		}
	]
}