{
	"credit": "Made with Blockbench",
	"textures": {
		"0": "block/orange_terracotta",
		"1": "block/light_gray_concrete",
		"particle": "block/orange_terracotta"
	},
	"elements": [
		{
			"name": "base",
			"from": [4, 0, 4],
			"to": [12, 1, 12],
			"faces": {
				"north": {"uv": [0, 0, 8, 1], "texture": "#0"},
				"east": {"uv": [0, 0, 8, 1], "texture": "#0"},
				"south": {"uv": [0, 0, 8, 1], "texture": "#0"},
				"west": {"uv": [0, 0, 8, 1], "texture": "#0"},
				"up": {"uv": [0, 0, 8, 8], "texture": "#0"},
				"down": {"uv": [0, 0, 8, 8], "texture": "#0"}
			}
		},
		{
			"name": "tower",
			"from": [5.5, 1, 5.5],
			"to": [10.5, 3, 10.5],
			"rotation": {"angle": 0, "axis": "y", "origin": [7.5, 8, 8.5]},
			"faces": {
				"north": {"uv": [0, 0, 5, 2], "texture": "#0"},
				"east": {"uv": [0, 0, 5, 2], "texture": "#0"},
				"south": {"uv": [0, 0, 5, 2], "texture": "#0"},
				"west": {"uv": [0, 0, 5, 2], "texture": "#0"},
				"up": {"uv": [0, 0, 5, 5], "texture": "#0"},
				"down": {"uv": [0, 0, 5, 5], "texture": "#0"}
			}
		},
		{
			"name": "tower",
			"from": [5.75, 3, 5.75],
			"to": [10.25, 5, 10.25],
			"rotation": {"angle": 0, "axis": "y", "origin": [7.5, 8, 8.5]},
			"faces": {
				"north": {"uv": [0, 0, 4.5, 2], "texture": "#1"},
				"east": {"uv": [0, 0, 4.5, 2], "texture": "#1"},
				"south": {"uv": [0, 0, 4.5, 2], "texture": "#1"},
				"west": {"uv": [0, 0, 4.5, 2], "texture": "#1"},
				"up": {"uv": [0, 0, 4.5, 4.5], "texture": "#1"},
				"down": {"uv": [0, 0, 4.5, 4.5], "texture": "#1"}
			}
		},
		{
			"name": "tower",
			"from": [6, 5, 6],
			"to": [10, 7, 10],
			"rotation": {"angle": 0, "axis": "y", "origin": [7.5, 8, 8.5]},
			"faces": {
				"north": {"uv": [0, 0, 4, 2], "texture": "#0"},
				"east": {"uv": [0, 0, 4, 2], "texture": "#0"},
				"south": {"uv": [0, 0, 4, 2], "texture": "#0"},
				"west": {"uv": [0, 0, 4, 2], "texture": "#0"},
				"up": {"uv": [0, 0, 4, 4], "texture": "#0"},
				"down": {"uv": [0, 0, 4, 4], "texture": "#0"}
			}
		},
		{
			"name": "tower",
			"from": [6.25, 7, 6.25],
			"to": [9.75, 9, 9.75],
			"rotation": {"angle": 0, "axis": "y", "origin": [7.5, 8, 8.5]},
			"faces": {
				"north": {"uv": [0, 0, 3.5, 2], "texture": "#1"},
				"east": {"uv": [0, 0, 3.5, 2], "texture": "#1"},
				"south": {"uv": [0, 0, 3.5, 2], "texture": "#1"},
				"west": {"uv": [0, 0, 3.5, 2], "texture": "#1"},
				"up": {"uv": [0, 0, 3.5, 3.5], "texture": "#1"},
				"down": {"uv": [0, 0, 3.5, 3.5], "texture": "#1"}
			}
		},
		{
			"name": "tower",
			"from": [6.5, 9, 6.5],
			"to": [9.5, 11, 9.5],
			"rotation": {"angle": 0, "axis": "y", "origin": [7.5, 8, 8.5]},
			"faces": {
				"north": {"uv": [0, 0, 3, 2], "texture": "#0"},
				"east": {"uv": [0, 0, 3, 2], "texture": "#0"},
				"south": {"uv": [0, 0, 3, 2], "texture": "#0"},
				"west": {"uv": [0, 0, 3, 2], "texture": "#0"},
				"up": {"uv": [0, 0, 3, 3], "texture": "#0"},
				"down": {"uv": [0, 0, 3, 3], "texture": "#0"}
			}
		}
	]
}