{
	"credit": "Made with Blockbench",
	"textures": {
		"0": "block/cut_red_sandstone",
		"1": "block/sandstone_top",
		"particle": "block/cut_sandstone"
	},
	"elements": [
		{
			"name": "block",
			"from": [0, 0, 0],
			"to": [16, 16, 16],
			"faces": {
				"north": {"uv": [0, 0, 16, 16], "texture": "#0"},
				"east": {"uv": [0, 0, 16, 16], "texture": "#0"},
				"south": {"uv": [0, 0, 16, 16], "texture": "#0"},
				"west": {"uv": [0, 0, 16, 16], "texture": "#0"},
				"up": {"uv": [0, 0, 16, 16], "texture": "#1"},
				"down": {"uv": [0, 0, 16, 16], "texture": "#1"}
			}
		},
		{
			"name": "part 1",
			"from": [-1, 5, 6],
			"to": [17, 11, 7],
			"faces": {
				"north": {"uv": [6, 5, 10, 6], "texture": "#0"},
				"east": {"uv": [9, 5, 10, 11], "texture": "#0"},
				"south": {"uv": [6, 5, 7, 11], "texture": "#0"},
				"west": {"uv": [6, 5, 7, 11], "texture": "#0"},
				"up": {"uv": [6, 5, 6.75, 5.75], "texture": "#0"},
				"down": {"uv": [6, 8, 7, 9], "texture": "#0"}
			}
		},
		{
			"name": "part 2",
			"from": [-1, 5, 9],
			"to": [17, 11, 10],
			"faces": {
				"north": {"uv": [6, 5, 7, 11], "texture": "#0"},
				"east": {"uv": [6, 5, 7, 11], "texture": "#0"},
				"south": {"uv": [6, 5, 10, 6], "texture": "#0"},
				"west": {"uv": [9, 5, 10, 11], "texture": "#0"},
				"up": {"uv": [6, 5, 6.75, 5.75], "texture": "#0"},
				"down": {"uv": [6, 6.5, 7, 7.5], "texture": "#0"}
			}
		},
		{
			"name": "part 3",
			"from": [-1, 10, 7],
			"to": [17, 11, 9],
			"faces": {
				"north": {"uv": [6, 5, 7, 11], "texture": "#0"},
				"east": {"uv": [7, 5, 9, 6], "texture": "#0"},
				"south": {"uv": [6, 5, 7, 11], "texture": "#0"},
				"west": {"uv": [7, 5, 9, 6], "texture": "#0"},
				"up": {"uv": [6, 5, 7, 6], "texture": "#0"},
				"down": {"uv": [6, 8, 7, 9], "texture": "#0"}
			}
		},
		{
			"name": "part 4",
			"from": [-1, 5, 7],
			"to": [17, 6, 9],
			"faces": {
				"north": {"uv": [6, 5, 7, 11], "texture": "#0"},
				"east": {"uv": [7, 5, 9, 6], "texture": "#0"},
				"south": {"uv": [6, 5, 7, 11], "texture": "#0"},
				"west": {"uv": [7, 10, 9, 11], "texture": "#0"},
				"up": {"uv": [6, 5, 6.75, 5.75], "texture": "#0"},
				"down": {"uv": [6, 8, 7, 9], "texture": "#0"}
			}
		},
		{
			"name": "part 5",
			"from": [6, 5, -1],
			"to": [7, 11, 17],
			"faces": {
				"north": {"uv": [9, 5, 10, 11], "texture": "#0"},
				"east": {"uv": [6, 5, 7, 11], "texture": "#0"},
				"south": {"uv": [6, 5, 7, 11], "texture": "#0"},
				"west": {"uv": [6, 5, 10, 6], "texture": "#0"},
				"up": {"uv": [6, 5, 6.75, 5.75], "rotation": 90, "texture": "#0"},
				"down": {"uv": [6, 6.5, 7, 7.5], "rotation": 270, "texture": "#0"}
			}
		},
		{
			"name": "part 6",
			"from": [9, 5, -1],
			"to": [10, 11, 17],
			"faces": {
				"north": {"uv": [6, 5, 7, 11], "texture": "#0"},
				"east": {"uv": [6, 5, 10, 6], "texture": "#0"},
				"south": {"uv": [9, 5, 10, 11], "texture": "#0"},
				"west": {"uv": [6, 5, 7, 11], "texture": "#0"},
				"up": {"uv": [6, 5, 6.75, 5.75], "rotation": 90, "texture": "#0"},
				"down": {"uv": [6, 8, 7, 9], "rotation": 270, "texture": "#0"}
			}
		},
		{
			"name": "part 7",
			"from": [7, 5, -1],
			"to": [9, 6, 17],
			"faces": {
				"north": {"uv": [7, 10, 9, 11], "texture": "#0"},
				"east": {"uv": [6, 5, 7, 11], "texture": "#0"},
				"south": {"uv": [7, 10, 9, 11], "texture": "#0"},
				"west": {"uv": [6, 5, 7, 11], "texture": "#0"},
				"up": {"uv": [6, 5, 6.75, 5.75], "rotation": 90, "texture": "#0"},
				"down": {"uv": [6, 8, 7, 9], "rotation": 270, "texture": "#0"}
			}
		},
		{
			"name": "part 8",
			"from": [7, 10, -1],
			"to": [9, 11, 17],
			"faces": {
				"north": {"uv": [7, 5, 9, 6], "texture": "#0"},
				"east": {"uv": [6, 5, 7, 11], "texture": "#0"},
				"south": {"uv": [7, 5, 9, 6], "texture": "#0"},
				"west": {"uv": [6, 5, 7, 11], "texture": "#0"},
				"up": {"uv": [6, 5, 7, 6], "rotation": 90, "texture": "#0"},
				"down": {"uv": [6, 8, 7, 9], "rotation": 270, "texture": "#0"}
			}
		}
	],
	"display": {
		"thirdperson_righthand": {
			"rotation": [0, 45, 0],
			"scale": [0.33, 0.33, 0.33]
		},
		"gui": {
			"rotation": [30, 45, 0],
			"scale": [0.666, 0.666, 0.666]
		}
	}
}