{
	"credit": "Made with Blockbench",
	"ambientocclusion": false,
	"textures": {
		"1": "block/ee",
		"2": "block/th",
		"3": "block/nd",
		"particle": "block/ee"
	},
	"elements": [
		{
			"name": "th",
			"from": [16, 0, 15],
			"to": [32, 16, 15],
			"faces": {
				"north": {"uv": [0, 0, 16, 16], "texture": "#2"},
				"east": {"uv": [0, 0, 0, 16], "texture": "#2"},
				"south": {"uv": [0, 0, 16, 16], "texture": "#2"},
				"west": {"uv": [0, 0, 0, 16], "texture": "#2"},
				"up": {"uv": [0, 0, 16, 0], "texture": "#2"},
				"down": {"uv": [0, 0, 16, 0], "texture": "#2"}
			}
		},
		{
			"name": "e e",
			"from": [0, 0, 15],
			"to": [16, 16, 15],
			"faces": {
				"north": {"uv": [0, 0, 16, 16], "texture": "#1"},
				"east": {"uv": [0, 0, 0, 16], "texture": "#1"},
				"south": {"uv": [0, 0, 16, 16], "texture": "#1"},
				"west": {"uv": [0, 0, 0, 16], "texture": "#1"},
				"up": {"uv": [0, 0, 16, 0], "texture": "#1"},
				"down": {"uv": [0, 0, 16, 0], "texture": "#1"}
			}
		},
		{
			"name": "nd",
			"from": [-16, 0, 15],
			"to": [0, 16, 15],
			"faces": {
				"north": {"uv": [0, 0, 16, 16], "texture": "#3"},
				"east": {"uv": [0, 0, 0, 16], "texture": "#3"},
				"south": {"uv": [0, 0, 16, 16], "texture": "#3"},
				"west": {"uv": [0, 0, 0, 16], "texture": "#3"},
				"up": {"uv": [0, 0, 16, 0], "texture": "#3"},
				"down": {"uv": [0, 0, 16, 0], "texture": "#3"}
			}
		}
	]
}