{
	"credit": "Made with Blockbench",
	"textures": {
		"1": "block/dark_oak_log",
		"particle": "block/dark_oak_log"
	},
	"elements": [
		{
			"name": "pole1",
			"from": [11, 0, 14],
			"to": [12, 16, 16],
			"faces": {
				"north": {"uv": [0, 0, 2, 6], "texture": "#1"},
				"east": {"uv": [0, 0, 2, 16], "texture": "#1"},
				"south": {"uv": [0, 0, 2, 16], "texture": "#1"},
				"west": {"uv": [0, 0, 2, 16], "texture": "#1"},
				"up": {"uv": [0, 0, 2, 2], "texture": "#1"},
				"down": {"uv": [0, 0, 2, 2], "texture": "#1"}
			}
		},
		{
			"name": "pole2",
			"from": [4, 0, 14],
			"to": [5, 16, 16],
			"faces": {
				"north": {"uv": [0, 0, 2, 16], "texture": "#1"},
				"east": {"uv": [0, 0, 2, 16], "texture": "#1"},
				"south": {"uv": [0, 0, 2, 16], "texture": "#1"},
				"west": {"uv": [0, 0, 2, 16], "texture": "#1"},
				"up": {"uv": [0, 0, 2, 2], "texture": "#1"},
				"down": {"uv": [0, 0, 2, 2], "texture": "#1"}
			}
		},
		{
			"name": "step1",
			"from": [3, 8, 17],
			"to": [13, 9, 18],
			"rotation": {"angle": 45, "axis": "x", "origin": [8, 8, 8]},
			"faces": {
				"north": {"uv": [0, 0, 14, 1], "texture": "#1"},
				"east": {"uv": [0, 0, 1, 1], "texture": "#1"},
				"south": {"uv": [0, 0, 14, 1], "texture": "#1"},
				"west": {"uv": [0, 0, 1, 1], "texture": "#1"},
				"up": {"uv": [0, 0, 1, 14], "rotation": 270, "texture": "#1"},
				"down": {"uv": [0, 0, 1, 14], "rotation": 90, "texture": "#1"}
			}
		},
		{
			"name": "step2",
			"from": [3, 10.75, 14.25],
			"to": [13, 11.75, 15.25],
			"rotation": {"angle": 45, "axis": "x", "origin": [8, 8, 8]},
			"faces": {
				"north": {"uv": [0, 0, 14, 1], "texture": "#1"},
				"east": {"uv": [0, 0, 1, 1], "texture": "#1"},
				"south": {"uv": [0, 0, 14, 1], "texture": "#1"},
				"west": {"uv": [0, 0, 1, 1], "texture": "#1"},
				"up": {"uv": [0, 0, 1, 14], "rotation": 270, "texture": "#1"},
				"down": {"uv": [0, 0, 1, 14], "rotation": 90, "texture": "#1"}
			}
		},
		{
			"name": "step3",
			"from": [3, 13.5, 11.5],
			"to": [13, 14.5, 12.5],
			"rotation": {"angle": 45, "axis": "x", "origin": [8, 8, 8]},
			"faces": {
				"north": {"uv": [0, 0, 14, 1], "texture": "#1"},
				"east": {"uv": [0, 0, 1, 1], "texture": "#1"},
				"south": {"uv": [0, 0, 14, 1], "texture": "#1"},
				"west": {"uv": [0, 0, 1, 1], "texture": "#1"},
				"up": {"uv": [0, 0, 1, 14], "rotation": 270, "texture": "#1"},
				"down": {"uv": [0, 0, 1, 14], "rotation": 90, "texture": "#1"}
			}
		},
		{
			"name": "step4",
			"from": [3, 16.25, 8.75],
			"to": [13, 17.25, 9.75],
			"rotation": {"angle": 45, "axis": "x", "origin": [8, 8, 8]},
			"faces": {
				"north": {"uv": [0, 0, 14, 1], "texture": "#1"},
				"east": {"uv": [0, 0, 1, 1], "texture": "#1"},
				"south": {"uv": [0, 0, 14, 1], "texture": "#1"},
				"west": {"uv": [0, 0, 1, 1], "texture": "#1"},
				"up": {"uv": [0, 0, 1, 14], "rotation": 270, "texture": "#1"},
				"down": {"uv": [0, 0, 1, 14], "rotation": 90, "texture": "#1"}
			}
		}
	]
}