{
	"credit": "Made with Blockbench",
	"parent": "block/block",
	"ambientocclusion": false,
	"textures": {
		"texture": "block/dark_metal",
		"particle": "block/dark_metal"
	},
	"elements": [
		{
			"name": "pipe",
			"from": [0, 5, 7],
			"to": [16, 12, 14],
			"faces": {
				"north": {"uv": [0, 0, 7, 16], "rotation": 90, "texture": "#texture"},
				"east": {"uv": [0, 0, 7, 7], "rotation": 270, "texture": "#texture"},
				"south": {"uv": [0, 0, 7, 16], "rotation": 270, "texture": "#texture"},
				"west": {"uv": [0, 0, 7, 7], "rotation": 270, "texture": "#texture"},
				"up": {"uv": [0, 0, 7, 16], "rotation": 270, "texture": "#texture"},
				"down": {"uv": [9, 0, 16, 16], "rotation": 270, "texture": "#texture"}
			}
		},
		{
			"name": "decoration1",
			"from": [15, 4, 6],
			"to": [15, 13, 16],
			"faces": {
				"north": {"uv": [0, 0, 0, 9], "texture": "#texture"},
				"east": {"uv": [0, 0, 10, 9], "texture": "#texture"},
				"south": {"uv": [0, 0, 0, 9], "texture": "#texture"},
				"west": {"uv": [0, 0, 10, 9], "texture": "#texture"},
				"up": {"uv": [0, 0, 0, 10], "texture": "#texture"},
				"down": {"uv": [0, 0, 0, 10], "texture": "#texture"}
			}
		},
		{
			"name": "decoration2",
			"from": [1, 4, 6],
			"to": [1, 13, 16],
			"faces": {
				"north": {"uv": [0, 0, 0, 9], "texture": "#texture"},
				"east": {"uv": [0, 0, 10, 9], "texture": "#texture"},
				"south": {"uv": [0, 0, 0, 9], "texture": "#texture"},
				"west": {"uv": [0, 0, 10, 9], "texture": "#texture"},
				"up": {"uv": [0, 0, 0, 10], "texture": "#texture"},
				"down": {"uv": [0, 0, 0, 10], "texture": "#texture"}
			}
		}
	],
	"display": {
		"thirdperson_righthand": {
			"translation": [0, 2, 0.5],
			"scale": [0.4, 0.4, 0.4]
		},
		"head": {
			"rotation": [-180, 0, 0],
			"translation": [8.5, 4, 0]
		}
	}
}