{
	"credit": "Made with Blockbench",
	"parent": "block/block",
	"ambientocclusion": false,
	"textures": {
		"texture": "block/dark_metal",
		"particle": "block/dark_metal"
	},
	"elements": [
		{
			"name": "pipe",
			"from": [5, 0, 5],
			"to": [11, 16, 11],
			"faces": {
				"north": {"uv": [0, 0, 16, 6], "rotation": 90, "texture": "#texture"},
				"east": {"uv": [0, 9, 16, 16], "rotation": 270, "texture": "#texture"},
				"south": {"uv": [0, 0, 16, 6], "rotation": 270, "texture": "#texture"},
				"west": {"uv": [0, 10, 16, 16], "rotation": 270, "texture": "#texture"},
				"up": {"uv": [0, 0, 7, 16], "rotation": 270, "texture": "#texture"},
				"down": {"uv": [9, 0, 16, 16], "rotation": 270, "texture": "#texture"}
			}
		},
		{
			"name": "decoration",
			"from": [4, 15, 4],
			"to": [12, 15, 12],
			"faces": {
				"north": {"uv": [0, 0, 8, 0], "texture": "#texture"},
				"east": {"uv": [0, 0, 8, 0], "texture": "#texture"},
				"south": {"uv": [0, 0, 8, 0], "texture": "#texture"},
				"west": {"uv": [0, 0, 8, 0], "texture": "#texture"},
				"up": {"uv": [0, 0, 8, 8], "texture": "#texture"},
				"down": {"uv": [0, 0, 8, 8], "texture": "#texture"}
			}
		}
	],
	"display": {
		"thirdperson_righthand": {
			"translation": [0, 2, 0.5],
			"scale": [0.4, 0.4, 0.4]
		},
		"head": {
			"rotation": [-180, 0, 0],
			"translation": [8.5, 4, 0]
		}
	}
}