{
	"credit": "Made with Blockbench",
	"ambientocclusion": false,
	"textures": {
		"sky": "block/freedom",
		"window": "block/window",
		"particle": "block/window"
	},
	"elements": [
		{
			"from": [7, 0, 0],
			"to": [9, 16, 16],
			"faces": {
				"north": {"uv": [15.5, 0, 16, 16], "texture": "window"},
				"east": {"uv": [0, 0, 16, 16], "texture": "window"},
				"south": {"uv": [15.5, 0, 16, 16], "texture": "window"},
				"west": {"uv": [0, 0, 16, 16], "texture": "window"},
				"up": {"uv": [15.5, 0, 16, 16], "texture": "window"},
				"down": {"uv": [15.5, 16, 16, 0], "texture": "window"}
			}
		},
		{
			"from": [7, 16, 0],
			"to": [9, 32, 16],
			"faces": {
				"north": {"uv": [15.5, 0, 16, 16], "texture": "window"},
				"east": {"uv": [0, 0, 16, 16], "texture": "window"},
				"south": {"uv": [15.5, 0, 16, 16], "texture": "window"},
				"west": {"uv": [0, 0, 16, 16], "texture": "window"},
				"up": {"uv": [15.5, 0, 16, 16], "texture": "window"},
				"down": {"uv": [15.5, 16, 16, 0], "texture": "window"}
			}
		},
		{
			"from": [0, 0, 0],
			"to": [0, 32, 16],
			"faces": {
				"east": {"uv": [0, 0, 16, 16], "texture": "sky"}
			}
		},
		{
			"from": [16, 0, 0],
			"to": [16, 32, 16],
			"faces": {
				"west": {"uv": [0, 0, 16, 16], "texture": "sky"}
			}
		}
	]
}