{
	"credit": "Made with Blockbench",
	"parent": "block/block",
	"textures": {
		"top": "block/sandstone_top",
		"side": "block/red_sandstone",
		"bottom": "block/sandstone_bottom",
		"particle": "#side"
	},
	"elements": [
		{
			"from": [4, 0, 0],
			"to": [16, 16, 16],
			"faces": {
				"north": {"uv": [0, 0, 12, 16], "texture": "side", "cullface": "north"},
				"east": {"uv": [0, 0, 16, 16], "texture": "side", "cullface": "east"},
				"south": {"uv": [4, 0, 16, 16], "texture": "side", "cullface": "south"},
				"west": {"uv": [0, 0, 16, 16], "texture": "side"},
				"up": {"uv": [4, 0, 16, 16], "texture": "top", "cullface": "up"},
				"down": {"uv": [0, 0, 0, 0], "texture": "bottom"}
			}
		}
	],
	"display": {
		"thirdperson_lefthand": {
			"rotation": [75, -135, 0],
			"translation": [0, 2.5, 0],
			"scale": [0.375, 0.375, 0.375]
		},
		"gui": {
			"rotation": [30, 135, 0],
			"scale": [0.625, 0.625, 0.625]
		},
		"head": {
			"rotation": [0, -90, 0]
		}
	}
}