{
	"credit": "Made with Blockbench",
	"textures": {
		"0": "block/redlight",
		"1": "block/dark_metal",
		"2": "block/barlight",
		"particle": "block/redlight"
	},
	"elements": [
		{
			"name": "plate",
			"from": [0, 2, 2],
			"to": [1, 14, 14],
			"faces": {
				"north": {"uv": [0, 0, 1, 12], "texture": "#1"},
				"east": {"uv": [0, 0, 12, 12], "texture": "#1"},
				"south": {"uv": [0, 0, 1, 12], "texture": "#1"},
				"west": {"uv": [0, 0, 12, 12], "texture": "#1"},
				"up": {"uv": [0, 0, 12, 1], "rotation": 90, "texture": "#1"},
				"down": {"uv": [0, 0, 12, 1], "rotation": 270, "texture": "#1"}
			}
		},
		{
			"name": "light",
			"from": [1, 4, 4],
			"to": [4, 12, 12],
			"faces": {
				"north": {"uv": [0, 0, 6, 16], "texture": "#0"},
				"east": {"uv": [0, 0, 16, 16], "texture": "#0"},
				"south": {"uv": [10, 0, 16, 16], "texture": "#0"},
				"west": {"uv": [0, 0, 8, 8], "texture": "#0"},
				"up": {"uv": [0, 0, 16, 6], "rotation": 90, "texture": "#0"},
				"down": {"uv": [0, 10, 16, 16], "rotation": 270, "texture": "#0"}
			}
		},
		{
			"name": "cage",
			"from": [1, 3, 3],
			"to": [6, 13, 13],
			"faces": {
				"north": {"uv": [0, 0, 6, 16], "texture": "#2"},
				"east": {"uv": [0, 0, 16, 16], "texture": "#2"},
				"south": {"uv": [10, 0, 16, 16], "texture": "#2"},
				"west": {"uv": [0, 0, 8, 8], "texture": "#2"},
				"up": {"uv": [0, 0, 16, 6], "rotation": 90, "texture": "#2"},
				"down": {"uv": [0, 10, 16, 16], "rotation": 270, "texture": "#2"}
			}
		}
	]
}