{
	"credit": "Made with Blockbench",
	"ambientocclusion": false,
	"textures": {
		"1": "block/light_gray_concrete",
		"bottom": "block/dark_metal",
		"particle": "block/dark_metal"
	},
	"elements": [
		{
			"from": [0, 0, 0],
			"to": [3, 16, 16],
			"faces": {
				"north": {"uv": [3, 0, 0, 16], "texture": "#bottom", "cullface": "north"},
				"east": {"uv": [16, 0, 0, 16], "texture": "#bottom"},
				"south": {"uv": [0, 0, 3, 16], "texture": "#bottom", "cullface": "south"},
				"west": {"uv": [0, 0, 16, 16], "texture": "#bottom", "cullface": "west"},
				"down": {"uv": [16, 13, 0, 16], "rotation": 90, "texture": "#bottom", "cullface": "down"}
			}
		},
		{
			"name": "decoration",
			"from": [-0.5, 1, 1],
			"to": [3.5, 4, 15],
			"faces": {
				"north": {"uv": [0, 0, 0.5, 3], "texture": "#1"},
				"east": {"uv": [0, 0, 14, 3], "texture": "#1"},
				"south": {"uv": [0, 0, 0.5, 3], "texture": "#1"},
				"west": {"uv": [0, 0, 14, 3], "texture": "#1"},
				"up": {"uv": [0, 0, 0.5, 14], "texture": "#1"},
				"down": {"uv": [0, 0, 0.5, 14], "texture": "#1"}
			}
		},
		{
			"name": "handle1",
			"from": [4, 14, 0.25],
			"to": [6, 16, 15],
			"faces": {
				"north": {"uv": [0, 0, 2, 2], "texture": "#1"},
				"east": {"uv": [0, 0, 15, 2], "texture": "#1"},
				"south": {"uv": [0, 0, 2, 2], "texture": "#1"},
				"west": {"uv": [0, 0, 15, 2], "texture": "#1"},
				"up": {"uv": [0, 0, 2, 15], "texture": "#1"},
				"down": {"uv": [0, 0, 2, 15], "texture": "#1"}
			}
		},
		{
			"name": "handle2",
			"from": [-3, 14, 0.25],
			"to": [-1, 16, 15],
			"faces": {
				"north": {"uv": [0, 0, 2, 2], "texture": "#1"},
				"east": {"uv": [0, 0, 15, 2], "texture": "#1"},
				"south": {"uv": [0, 0, 2, 2], "texture": "#1"},
				"west": {"uv": [0, 0, 15, 2], "texture": "#1"},
				"up": {"uv": [0, 0, 2, 15], "texture": "#1"},
				"down": {"uv": [0, 0, 2, 15], "texture": "#1"}
			}
		},
		{
			"name": "bar",
			"from": [-1, 14, 15],
			"to": [4, 16, 12],
			"faces": {
				"north": {"uv": [0, 0, 5, 2], "texture": "#1"},
				"east": {"uv": [0, 0, 2, 2], "texture": "#1"},
				"south": {"uv": [0, 0, 5, 2], "texture": "#1"},
				"west": {"uv": [0, 0, 2, 2], "texture": "#1"},
				"up": {"uv": [0, 0, 5, 2], "texture": "#1"},
				"down": {"uv": [0, 0, 5, 2], "texture": "#1"}
			}
		}
	]
}