{
    "ambientocclusion": false,
    "textures": {
		"0": "block/wheat",
        "particle": "block/wheat"
    },
    "elements": [
        {   "from": [ 4, -1, 0 ],
            "to": [ 4, 15, 16 ],
            "faces": {
                "west": { "uv": [ 0, 0, 16, 16 ], "texture": "0" },
                "east": { "uv": [ 16, 0, 0, 16 ], "texture": "0" }
            }
        },
		{   "from": [ 8, -1, 0 ],
            "to": [ 8, 15, 16 ],
            "faces": {
                "west": { "uv": [ 16, 0, 0, 16 ], "texture": "0" },
                "east": { "uv": [ 0, 0, 16, 16 ], "texture": "0" }
            }
        },
        {   "from": [ 12, -1, 0 ],
            "to": [ 12, 15, 16 ],
            "faces": {
                "west": { "uv": [ 16, 0, 0, 16 ], "texture": "0" },
                "east": { "uv": [ 0, 0, 16, 16 ], "texture": "0" }
            }
        },
        {   "from": [ 0, -1, 4 ],
            "to": [ 16, 15, 4 ],
            "faces": {
                "north": { "uv": [ 0, 0, 16, 16 ], "texture": "0" },
                "south": { "uv": [ 16, 0, 0, 16 ], "texture": "0" }
            }
        },
		{   "from": [ 0, -1, 8 ],
            "to": [ 16, 15, 8 ],
            "faces": {
                "north": { "uv": [ 16, 0, 0, 16 ], "texture": "0" },
                "south": { "uv": [ 0, 0, 16, 16 ], "texture": "0" }
            }
        },
        {   "from": [ 0, -1, 12 ],
            "to": [ 16, 15, 12 ],
            "faces": {
                "north": { "uv": [ 16, 0, 0, 16 ], "texture": "0" },
                "south": { "uv": [ 0, 0, 16, 16 ], "texture": "0" }
            }
        }
    ]
}
